year,region,feedstock_type,max_available_mt,cost_usd_per_mt,notes
2025,EU,UCO,0.8,350,mock_3pct_growth
2025,EU,tallow,0.4,300,mock_3pct_growth
2025,EU,agricultural_residue,2.0,200,mock_3pct_growth
2025,EU,MSW,1.5,150,mock_3pct_growth
2025,EU,CO2_green_H2,50.0,800,mock_3pct_growth
2025,EU,other,0.3,250,mock_3pct_growth
2026,EU,UCO,0.824,350,mock_3pct_growth
2026,EU,tallow,0.412,300,mock_3pct_growth
2026,EU,agricultural_residue,2.06,200,mock_3pct_growth
2026,EU,MSW,1.545,150,mock_3pct_growth
2026,EU,CO2_green_H2,51.50000000000001,800,mock_3pct_growth
2026,EU,other,0.309,250,mock_3pct_growth
2027,EU,UCO,0.8487,350,mock_3pct_growth
2027,EU,tallow,0.4244,300,mock_3pct_growth
2027,EU,agricultural_residue,2.1218,200,mock_3pct_growth
2027,EU,MSW,1.5913,150,mock_3pct_growth
2027,EU,CO2_green_H2,53.05,800,mock_3pct_growth
2027,EU,other,0.3183,250,mock_3pct_growth
2028,EU,UCO,0.8742,350,mock_3pct_growth
2028,EU,tallow,0.4371,300,mock_3pct_growth
2028,EU,agricultural_residue,2.1855,200,mock_3pct_growth
2028,EU,MSW,1.6391,150,mock_3pct_growth
2028,EU,CO2_green_H2,54.65,800,mock_3pct_growth
2028,EU,other,0.3278,250,mock_3pct_growth
2029,EU,UCO,0.9004,350,mock_3pct_growth
2029,EU,tallow,0.4502,300,mock_3pct_growth
2029,EU,agricultural_residue,2.251,200,mock_3pct_growth
2029,EU,MSW,1.6883,150,mock_3pct_growth
2029,EU,CO2_green_H2,56.3,800,mock_3pct_growth
2029,EU,other,0.3377,250,mock_3pct_growth
2030,EU,UCO,0.9274,350,mock_3pct_growth
2030,EU,tallow,0.4637,300,mock_3pct_growth
2030,EU,agricultural_residue,2.3185,200,mock_3pct_growth
2030,EU,MSW,1.7389,150,mock_3pct_growth
2030,EU,CO2_green_H2,57.95,800,mock_3pct_growth
2030,EU,other,0.3478,250,mock_3pct_growth
2031,EU,UCO,0.9552,350,mock_3pct_growth
2031,EU,tallow,0.4776,300,mock_3pct_growth
2031,EU,agricultural_residue,2.3881,200,mock_3pct_growth
2031,EU,MSW,1.7911,150,mock_3pct_growth
2031,EU,CO2_green_H2,59.7,800,mock_3pct_growth
2031,EU,other,0.3582,250,mock_3pct_growth
2032,EU,UCO,0.9839,350,mock_3pct_growth
2032,EU,tallow,0.4919,300,mock_3pct_growth
2032,EU,agricultural_residue,2.4597,200,mock_3pct_growth
2032,EU,MSW,1.8448,150,mock_3pct_growth
2032,EU,CO2_green_H2,61.50000000000001,800,mock_3pct_growth
2032,EU,other,0.369,250,mock_3pct_growth
2033,EU,UCO,1.0134,350,mock_3pct_growth
2033,EU,tallow,0.5067,300,mock_3pct_growth
2033,EU,agricultural_residue,2.5335,200,mock_3pct_growth
2033,EU,MSW,1.9002,150,mock_3pct_growth
2033,EU,CO2_green_H2,63.35,800,mock_3pct_growth
2033,EU,other,0.38,250,mock_3pct_growth
2034,EU,UCO,1.0438,350,mock_3pct_growth
2034,EU,tallow,0.5219,300,mock_3pct_growth
2034,EU,agricultural_residue,2.6095,200,mock_3pct_growth
2034,EU,MSW,1.9572,150,mock_3pct_growth
2034,EU,CO2_green_H2,65.25,800,mock_3pct_growth
2034,EU,other,0.3914,250,mock_3pct_growth
2035,EU,UCO,1.0751,350,mock_3pct_growth
2035,EU,tallow,0.5376,300,mock_3pct_growth
2035,EU,agricultural_residue,2.6878,200,mock_3pct_growth
2035,EU,MSW,2.0159,150,mock_3pct_growth
2035,EU,CO2_green_H2,67.2,800,mock_3pct_growth
2035,EU,other,0.4032,250,mock_3pct_growth
2036,EU,UCO,1.1074,350,mock_3pct_growth
2036,EU,tallow,0.5537,300,mock_3pct_growth
2036,EU,agricultural_residue,2.7685,200,mock_3pct_growth
2036,EU,MSW,2.0764,150,mock_3pct_growth
2036,EU,CO2_green_H2,69.2,800,mock_3pct_growth
2036,EU,other,0.4153,250,mock_3pct_growth
2037,EU,UCO,1.1406,350,mock_3pct_growth
2037,EU,tallow,0.5703,300,mock_3pct_growth
2037,EU,agricultural_residue,2.8515,200,mock_3pct_growth
2037,EU,MSW,2.1386,150,mock_3pct_growth
2037,EU,CO2_green_H2,71.3,800,mock_3pct_growth
2037,EU,other,0.4277,250,mock_3pct_growth
2038,EU,UCO,1.1748,350,mock_3pct_growth
2038,EU,tallow,0.5874,300,mock_3pct_growth
2038,EU,agricultural_residue,2.9371,200,mock_3pct_growth
2038,EU,MSW,2.2028,150,mock_3pct_growth
2038,EU,CO2_green_H2,73.45,800,mock_3pct_growth
2038,EU,other,0.4406,250,mock_3pct_growth
2039,EU,UCO,1.2101,350,mock_3pct_growth
2039,EU,tallow,0.605,300,mock_3pct_growth
2039,EU,agricultural_residue,3.0252,200,mock_3pct_growth
2039,EU,MSW,2.2689,150,mock_3pct_growth
2039,EU,CO2_green_H2,75.64999999999998,800,mock_3pct_growth
2039,EU,other,0.4538,250,mock_3pct_growth
2040,EU,UCO,1.2464,350,mock_3pct_growth
2040,EU,tallow,0.6232,300,mock_3pct_growth
2040,EU,agricultural_residue,3.1159,200,mock_3pct_growth
2040,EU,MSW,2.337,150,mock_3pct_growth
2040,EU,CO2_green_H2,77.89999999999999,800,mock_3pct_growth
2040,EU,other,0.4674,250,mock_3pct_growth
2041,EU,UCO,1.2838,350,mock_3pct_growth
2041,EU,tallow,0.6419,300,mock_3pct_growth
2041,EU,agricultural_residue,3.2094,200,mock_3pct_growth
2041,EU,MSW,2.4071,150,mock_3pct_growth
2041,EU,CO2_green_H2,80.25,800,mock_3pct_growth
2041,EU,other,0.4814,250,mock_3pct_growth
2042,EU,UCO,1.3223,350,mock_3pct_growth
2042,EU,tallow,0.6611,300,mock_3pct_growth
2042,EU,agricultural_residue,3.3057,200,mock_3pct_growth
2042,EU,MSW,2.4793,150,mock_3pct_growth
2042,EU,CO2_green_H2,82.65,800,mock_3pct_growth
2042,EU,other,0.4959,250,mock_3pct_growth
2043,EU,UCO,1.3619,350,mock_3pct_growth
2043,EU,tallow,0.681,300,mock_3pct_growth
2043,EU,agricultural_residue,3.4049,200,mock_3pct_growth
2043,EU,MSW,2.5536,150,mock_3pct_growth
2043,EU,CO2_green_H2,85.1,800,mock_3pct_growth
2043,EU,other,0.5107,250,mock_3pct_growth
2044,EU,UCO,1.4028,350,mock_3pct_growth
2044,EU,tallow,0.7014,300,mock_3pct_growth
2044,EU,agricultural_residue,3.507,200,mock_3pct_growth
2044,EU,MSW,2.6303,150,mock_3pct_growth
2044,EU,CO2_green_H2,87.7,800,mock_3pct_growth
2044,EU,other,0.5261,250,mock_3pct_growth
2045,EU,UCO,1.4449,350,mock_3pct_growth
2045,EU,tallow,0.7224,300,mock_3pct_growth
2045,EU,agricultural_residue,3.6122,200,mock_3pct_growth
2045,EU,MSW,2.7092,150,mock_3pct_growth
2045,EU,CO2_green_H2,90.3,800,mock_3pct_growth
2045,EU,other,0.5418,250,mock_3pct_growth
2025,US,UCO,0.9,350,mock_3pct_growth
2025,US,tallow,0.5,300,mock_3pct_growth
2025,US,agricultural_residue,3.0,200,mock_3pct_growth
2025,US,MSW,2.0,150,mock_3pct_growth
2025,US,CO2_green_H2,75.0,800,mock_3pct_growth
2025,US,other,0.4,250,mock_3pct_growth
2026,US,UCO,0.927,350,mock_3pct_growth
2026,US,tallow,0.515,300,mock_3pct_growth
2026,US,agricultural_residue,3.09,200,mock_3pct_growth
2026,US,MSW,2.06,150,mock_3pct_growth
2026,US,CO2_green_H2,77.25,800,mock_3pct_growth
2026,US,other,0.412,250,mock_3pct_growth
2027,US,UCO,0.9548,350,mock_3pct_growth
2027,US,tallow,0.5304,300,mock_3pct_growth
2027,US,agricultural_residue,3.1827,200,mock_3pct_growth
2027,US,MSW,2.1218,150,mock_3pct_growth
2027,US,CO2_green_H2,79.55,800,mock_3pct_growth
2027,US,other,0.4244,250,mock_3pct_growth
2028,US,UCO,0.9835,350,mock_3pct_growth
2028,US,tallow,0.5464,300,mock_3pct_growth
2028,US,agricultural_residue,3.2782,200,mock_3pct_growth
2028,US,MSW,2.1855,150,mock_3pct_growth
2028,US,CO2_green_H2,81.95,800,mock_3pct_growth
2028,US,other,0.4371,250,mock_3pct_growth
2029,US,UCO,1.013,350,mock_3pct_growth
2029,US,tallow,0.5628,300,mock_3pct_growth
2029,US,agricultural_residue,3.3765,200,mock_3pct_growth
2029,US,MSW,2.251,150,mock_3pct_growth
2029,US,CO2_green_H2,84.39999999999999,800,mock_3pct_growth
2029,US,other,0.4502,250,mock_3pct_growth
2030,US,UCO,1.0433,350,mock_3pct_growth
2030,US,tallow,0.5796,300,mock_3pct_growth
2030,US,agricultural_residue,3.4778,200,mock_3pct_growth
2030,US,MSW,2.3185,150,mock_3pct_growth
2030,US,CO2_green_H2,86.95,800,mock_3pct_growth
2030,US,other,0.4637,250,mock_3pct_growth
2031,US,UCO,1.0746,350,mock_3pct_growth
2031,US,tallow,0.597,300,mock_3pct_growth
2031,US,agricultural_residue,3.5822,200,mock_3pct_growth
2031,US,MSW,2.3881,150,mock_3pct_growth
2031,US,CO2_green_H2,89.55000000000001,800,mock_3pct_growth
2031,US,other,0.4776,250,mock_3pct_growth
2032,US,UCO,1.1069,350,mock_3pct_growth
2032,US,tallow,0.6149,300,mock_3pct_growth
2032,US,agricultural_residue,3.6896,200,mock_3pct_growth
2032,US,MSW,2.4597,150,mock_3pct_growth
2032,US,CO2_green_H2,92.25,800,mock_3pct_growth
2032,US,other,0.4919,250,mock_3pct_growth
2033,US,UCO,1.1401,350,mock_3pct_growth
2033,US,tallow,0.6334,300,mock_3pct_growth
2033,US,agricultural_residue,3.8003,200,mock_3pct_growth
2033,US,MSW,2.5335,150,mock_3pct_growth
2033,US,CO2_green_H2,95.0,800,mock_3pct_growth
2033,US,other,0.5067,250,mock_3pct_growth
2034,US,UCO,1.1743,350,mock_3pct_growth
2034,US,tallow,0.6524,300,mock_3pct_growth
2034,US,agricultural_residue,3.9143,200,mock_3pct_growth
2034,US,MSW,2.6095,150,mock_3pct_growth
2034,US,CO2_green_H2,97.85000000000001,800,mock_3pct_growth
2034,US,other,0.5219,250,mock_3pct_growth
2035,US,UCO,1.2095,350,mock_3pct_growth
2035,US,tallow,0.672,300,mock_3pct_growth
2035,US,agricultural_residue,4.0317,200,mock_3pct_growth
2035,US,MSW,2.6878,150,mock_3pct_growth
2035,US,CO2_green_H2,100.8,800,mock_3pct_growth
2035,US,other,0.5376,250,mock_3pct_growth
2036,US,UCO,1.2458,350,mock_3pct_growth
2036,US,tallow,0.6921,300,mock_3pct_growth
2036,US,agricultural_residue,4.1527,200,mock_3pct_growth
2036,US,MSW,2.7685,150,mock_3pct_growth
2036,US,CO2_green_H2,103.8,800,mock_3pct_growth
2036,US,other,0.5537,250,mock_3pct_growth
2037,US,UCO,1.2832,350,mock_3pct_growth
2037,US,tallow,0.7129,300,mock_3pct_growth
2037,US,agricultural_residue,4.2773,200,mock_3pct_growth
2037,US,MSW,2.8515,150,mock_3pct_growth
2037,US,CO2_green_H2,106.95,800,mock_3pct_growth
2037,US,other,0.5703,250,mock_3pct_growth
2038,US,UCO,1.3217,350,mock_3pct_growth
2038,US,tallow,0.7343,300,mock_3pct_growth
2038,US,agricultural_residue,4.4056,200,mock_3pct_growth
2038,US,MSW,2.9371,150,mock_3pct_growth
2038,US,CO2_green_H2,110.15,800,mock_3pct_growth
2038,US,other,0.5874,250,mock_3pct_growth
2039,US,UCO,1.3613,350,mock_3pct_growth
2039,US,tallow,0.7563,300,mock_3pct_growth
2039,US,agricultural_residue,4.5378,200,mock_3pct_growth
2039,US,MSW,3.0252,150,mock_3pct_growth
2039,US,CO2_green_H2,113.45,800,mock_3pct_growth
2039,US,other,0.605,250,mock_3pct_growth
2040,US,UCO,1.4022,350,mock_3pct_growth
2040,US,tallow,0.779,300,mock_3pct_growth
2040,US,agricultural_residue,4.6739,200,mock_3pct_growth
2040,US,MSW,3.1159,150,mock_3pct_growth
2040,US,CO2_green_H2,116.85000000000001,800,mock_3pct_growth
2040,US,other,0.6232,250,mock_3pct_growth
2041,US,UCO,1.4442,350,mock_3pct_growth
2041,US,tallow,0.8024,300,mock_3pct_growth
2041,US,agricultural_residue,4.8141,200,mock_3pct_growth
2041,US,MSW,3.2094,150,mock_3pct_growth
2041,US,CO2_green_H2,120.35,800,mock_3pct_growth
2041,US,other,0.6419,250,mock_3pct_growth
2042,US,UCO,1.4876,350,mock_3pct_growth
2042,US,tallow,0.8264,300,mock_3pct_growth
2042,US,agricultural_residue,4.9585,200,mock_3pct_growth
2042,US,MSW,3.3057,150,mock_3pct_growth
2042,US,CO2_green_H2,123.94999999999999,800,mock_3pct_growth
2042,US,other,0.6611,250,mock_3pct_growth
2043,US,UCO,1.5322,350,mock_3pct_growth
2043,US,tallow,0.8512,300,mock_3pct_growth
2043,US,agricultural_residue,5.1073,200,mock_3pct_growth
2043,US,MSW,3.4049,150,mock_3pct_growth
2043,US,CO2_green_H2,127.7,800,mock_3pct_growth
2043,US,other,0.681,250,mock_3pct_growth
2044,US,UCO,1.5782,350,mock_3pct_growth
2044,US,tallow,0.8768,300,mock_3pct_growth
2044,US,agricultural_residue,5.2605,200,mock_3pct_growth
2044,US,MSW,3.507,150,mock_3pct_growth
2044,US,CO2_green_H2,131.5,800,mock_3pct_growth
2044,US,other,0.7014,250,mock_3pct_growth
2045,US,UCO,1.6255,350,mock_3pct_growth
2045,US,tallow,0.9031,300,mock_3pct_growth
2045,US,agricultural_residue,5.4183,200,mock_3pct_growth
2045,US,MSW,3.6122,150,mock_3pct_growth
2045,US,CO2_green_H2,135.45,800,mock_3pct_growth
2045,US,other,0.7224,250,mock_3pct_growth
2025,APAC,UCO,1.2,350,mock_3pct_growth
2025,APAC,tallow,0.6,300,mock_3pct_growth
2025,APAC,agricultural_residue,4.0,200,mock_3pct_growth
2025,APAC,MSW,3.0,150,mock_3pct_growth
2025,APAC,CO2_green_H2,40.0,800,mock_3pct_growth
2025,APAC,other,0.5,250,mock_3pct_growth
2026,APAC,UCO,1.236,350,mock_3pct_growth
2026,APAC,tallow,0.618,300,mock_3pct_growth
2026,APAC,agricultural_residue,4.12,200,mock_3pct_growth
2026,APAC,MSW,3.09,150,mock_3pct_growth
2026,APAC,CO2_green_H2,41.2,800,mock_3pct_growth
2026,APAC,other,0.515,250,mock_3pct_growth
2027,APAC,UCO,1.2731,350,mock_3pct_growth
2027,APAC,tallow,0.6365,300,mock_3pct_growth
2027,APAC,agricultural_residue,4.2436,200,mock_3pct_growth
2027,APAC,MSW,3.1827,150,mock_3pct_growth
2027,APAC,CO2_green_H2,42.45,800,mock_3pct_growth
2027,APAC,other,0.5304,250,mock_3pct_growth
2028,APAC,UCO,1.3113,350,mock_3pct_growth
2028,APAC,tallow,0.6556,300,mock_3pct_growth
2028,APAC,agricultural_residue,4.3709,200,mock_3pct_growth
2028,APAC,MSW,3.2782,150,mock_3pct_growth
2028,APAC,CO2_green_H2,43.7,800,mock_3pct_growth
2028,APAC,other,0.5464,250,mock_3pct_growth
2029,APAC,UCO,1.3506,350,mock_3pct_growth
2029,APAC,tallow,0.6753,300,mock_3pct_growth
2029,APAC,agricultural_residue,4.502,200,mock_3pct_growth
2029,APAC,MSW,3.3765,150,mock_3pct_growth
2029,APAC,CO2_green_H2,45.0,800,mock_3pct_growth
2029,APAC,other,0.5628,250,mock_3pct_growth
2030,APAC,UCO,1.3911,350,mock_3pct_growth
2030,APAC,tallow,0.6956,300,mock_3pct_growth
2030,APAC,agricultural_residue,4.6371,200,mock_3pct_growth
2030,APAC,MSW,3.4778,150,mock_3pct_growth
2030,APAC,CO2_green_H2,46.349999999999994,800,mock_3pct_growth
2030,APAC,other,0.5796,250,mock_3pct_growth
2031,APAC,UCO,1.4329,350,mock_3pct_growth
2031,APAC,tallow,0.7164,300,mock_3pct_growth
2031,APAC,agricultural_residue,4.7762,200,mock_3pct_growth
2031,APAC,MSW,3.5822,150,mock_3pct_growth
2031,APAC,CO2_green_H2,47.75,800,mock_3pct_growth
2031,APAC,other,0.597,250,mock_3pct_growth
2032,APAC,UCO,1.4758,350,mock_3pct_growth
2032,APAC,tallow,0.7379,300,mock_3pct_growth
2032,APAC,agricultural_residue,4.9195,200,mock_3pct_growth
2032,APAC,MSW,3.6896,150,mock_3pct_growth
2032,APAC,CO2_green_H2,49.2,800,mock_3pct_growth
2032,APAC,other,0.6149,250,mock_3pct_growth
2033,APAC,UCO,1.5201,350,mock_3pct_growth
2033,APAC,tallow,0.7601,300,mock_3pct_growth
2033,APAC,agricultural_residue,5.0671,200,mock_3pct_growth
2033,APAC,MSW,3.8003,150,mock_3pct_growth
2033,APAC,CO2_green_H2,50.65,800,mock_3pct_growth
2033,APAC,other,0.6334,250,mock_3pct_growth
2034,APAC,UCO,1.5657,350,mock_3pct_growth
2034,APAC,tallow,0.7829,300,mock_3pct_growth
2034,APAC,agricultural_residue,5.2191,200,mock_3pct_growth
2034,APAC,MSW,3.9143,150,mock_3pct_growth
2034,APAC,CO2_green_H2,52.2,800,mock_3pct_growth
2034,APAC,other,0.6524,250,mock_3pct_growth
2035,APAC,UCO,1.6127,350,mock_3pct_growth
2035,APAC,tallow,0.8063,300,mock_3pct_growth
2035,APAC,agricultural_residue,5.3757,200,mock_3pct_growth
2035,APAC,MSW,4.0317,150,mock_3pct_growth
2035,APAC,CO2_green_H2,53.75,800,mock_3pct_growth
2035,APAC,other,0.672,250,mock_3pct_growth
2036,APAC,UCO,1.6611,350,mock_3pct_growth
2036,APAC,tallow,0.8305,300,mock_3pct_growth
2036,APAC,agricultural_residue,5.5369,200,mock_3pct_growth
2036,APAC,MSW,4.1527,150,mock_3pct_growth
2036,APAC,CO2_green_H2,55.35,800,mock_3pct_growth
2036,APAC,other,0.6921,250,mock_3pct_growth
2037,APAC,UCO,1.7109,350,mock_3pct_growth
2037,APAC,tallow,0.8555,300,mock_3pct_growth
2037,APAC,agricultural_residue,5.703,200,mock_3pct_growth
2037,APAC,MSW,4.2773,150,mock_3pct_growth
2037,APAC,CO2_green_H2,57.050000000000004,800,mock_3pct_growth
2037,APAC,other,0.7129,250,mock_3pct_growth
2038,APAC,UCO,1.7622,350,mock_3pct_growth
2038,APAC,tallow,0.8811,300,mock_3pct_growth
2038,APAC,agricultural_residue,5.8741,200,mock_3pct_growth
2038,APAC,MSW,4.4056,150,mock_3pct_growth
2038,APAC,CO2_green_H2,58.75,800,mock_3pct_growth
2038,APAC,other,0.7343,250,mock_3pct_growth
2039,APAC,UCO,1.8151,350,mock_3pct_growth
2039,APAC,tallow,0.9076,300,mock_3pct_growth
2039,APAC,agricultural_residue,6.0504,200,mock_3pct_growth
2039,APAC,MSW,4.5378,150,mock_3pct_growth
2039,APAC,CO2_green_H2,60.5,800,mock_3pct_growth
2039,APAC,other,0.7563,250,mock_3pct_growth
2040,APAC,UCO,1.8696,350,mock_3pct_growth
2040,APAC,tallow,0.9348,300,mock_3pct_growth
2040,APAC,agricultural_residue,6.2319,200,mock_3pct_growth
2040,APAC,MSW,4.6739,150,mock_3pct_growth
2040,APAC,CO2_green_H2,62.300000000000004,800,mock_3pct_growth
2040,APAC,other,0.779,250,mock_3pct_growth
2041,APAC,UCO,1.9256,350,mock_3pct_growth
2041,APAC,tallow,0.9628,300,mock_3pct_growth
2041,APAC,agricultural_residue,6.4188,200,mock_3pct_growth
2041,APAC,MSW,4.8141,150,mock_3pct_growth
2041,APAC,CO2_green_H2,64.19999999999999,800,mock_3pct_growth
2041,APAC,other,0.8024,250,mock_3pct_growth
2042,APAC,UCO,1.9834,350,mock_3pct_growth
2042,APAC,tallow,0.9917,300,mock_3pct_growth
2042,APAC,agricultural_residue,6.6114,200,mock_3pct_growth
2042,APAC,MSW,4.9585,150,mock_3pct_growth
2042,APAC,CO2_green_H2,66.10000000000001,800,mock_3pct_growth
2042,APAC,other,0.8264,250,mock_3pct_growth
2043,APAC,UCO,2.0429,350,mock_3pct_growth
2043,APAC,tallow,1.0215,300,mock_3pct_growth
2043,APAC,agricultural_residue,6.8097,200,mock_3pct_growth
2043,APAC,MSW,5.1073,150,mock_3pct_growth
2043,APAC,CO2_green_H2,68.1,800,mock_3pct_growth
2043,APAC,other,0.8512,250,mock_3pct_growth
2044,APAC,UCO,2.1042,350,mock_3pct_growth
2044,APAC,tallow,1.0521,300,mock_3pct_growth
2044,APAC,agricultural_residue,7.014,200,mock_3pct_growth
2044,APAC,MSW,5.2605,150,mock_3pct_growth
2044,APAC,CO2_green_H2,70.15,800,mock_3pct_growth
2044,APAC,other,0.8768,250,mock_3pct_growth
2045,APAC,UCO,2.1673,350,mock_3pct_growth
2045,APAC,tallow,1.0837,300,mock_3pct_growth
2045,APAC,agricultural_residue,7.2244,200,mock_3pct_growth
2045,APAC,MSW,5.4183,150,mock_3pct_growth
2045,APAC,CO2_green_H2,72.25,800,mock_3pct_growth
2045,APAC,other,0.9031,250,mock_3pct_growth
2025,MENA,UCO,0.2,350,mock_3pct_growth
2025,MENA,tallow,0.15,300,mock_3pct_growth
2025,MENA,agricultural_residue,0.3,200,mock_3pct_growth
2025,MENA,MSW,0.2,150,mock_3pct_growth
2025,MENA,CO2_green_H2,250.0,800,mock_3pct_growth
2025,MENA,other,0.1,250,mock_3pct_growth
2026,MENA,UCO,0.206,350,mock_3pct_growth
2026,MENA,tallow,0.1545,300,mock_3pct_growth
2026,MENA,agricultural_residue,0.309,200,mock_3pct_growth
2026,MENA,MSW,0.206,150,mock_3pct_growth
2026,MENA,CO2_green_H2,257.5,800,mock_3pct_growth
2026,MENA,other,0.103,250,mock_3pct_growth
2027,MENA,UCO,0.2122,350,mock_3pct_growth
2027,MENA,tallow,0.1591,300,mock_3pct_growth
2027,MENA,agricultural_residue,0.3183,200,mock_3pct_growth
2027,MENA,MSW,0.2122,150,mock_3pct_growth
2027,MENA,CO2_green_H2,265.2,800,mock_3pct_growth
2027,MENA,other,0.1061,250,mock_3pct_growth
2028,MENA,UCO,0.2185,350,mock_3pct_growth
2028,MENA,tallow,0.1639,300,mock_3pct_growth
2028,MENA,agricultural_residue,0.3278,200,mock_3pct_growth
2028,MENA,MSW,0.2185,150,mock_3pct_growth
2028,MENA,CO2_green_H2,273.2,800,mock_3pct_growth
2028,MENA,other,0.1093,250,mock_3pct_growth
2029,MENA,UCO,0.2251,350,mock_3pct_growth
2029,MENA,tallow,0.1688,300,mock_3pct_growth
2029,MENA,agricultural_residue,0.3377,200,mock_3pct_growth
2029,MENA,MSW,0.2251,150,mock_3pct_growth
2029,MENA,CO2_green_H2,281.4,800,mock_3pct_growth
2029,MENA,other,0.1126,250,mock_3pct_growth
2030,MENA,UCO,0.2319,350,mock_3pct_growth
2030,MENA,tallow,0.1739,300,mock_3pct_growth
2030,MENA,agricultural_residue,0.3478,200,mock_3pct_growth
2030,MENA,MSW,0.2319,150,mock_3pct_growth
2030,MENA,CO2_green_H2,289.8,800,mock_3pct_growth
2030,MENA,other,0.1159,250,mock_3pct_growth
2031,MENA,UCO,0.2388,350,mock_3pct_growth
2031,MENA,tallow,0.1791,300,mock_3pct_growth
2031,MENA,agricultural_residue,0.3582,200,mock_3pct_growth
2031,MENA,MSW,0.2388,150,mock_3pct_growth
2031,MENA,CO2_green_H2,298.5,800,mock_3pct_growth
2031,MENA,other,0.1194,250,mock_3pct_growth
2032,MENA,UCO,0.246,350,mock_3pct_growth
2032,MENA,tallow,0.1845,300,mock_3pct_growth
2032,MENA,agricultural_residue,0.369,200,mock_3pct_growth
2032,MENA,MSW,0.246,150,mock_3pct_growth
2032,MENA,CO2_green_H2,307.45,800,mock_3pct_growth
2032,MENA,other,0.123,250,mock_3pct_growth
2033,MENA,UCO,0.2534,350,mock_3pct_growth
2033,MENA,tallow,0.19,300,mock_3pct_growth
2033,MENA,agricultural_residue,0.38,200,mock_3pct_growth
2033,MENA,MSW,0.2534,150,mock_3pct_growth
2033,MENA,CO2_green_H2,316.70000000000005,800,mock_3pct_growth
2033,MENA,other,0.1267,250,mock_3pct_growth
2034,MENA,UCO,0.261,350,mock_3pct_growth
2034,MENA,tallow,0.1957,300,mock_3pct_growth
2034,MENA,agricultural_residue,0.3914,200,mock_3pct_growth
2034,MENA,MSW,0.261,150,mock_3pct_growth
2034,MENA,CO2_green_H2,326.2,800,mock_3pct_growth
2034,MENA,other,0.1305,250,mock_3pct_growth
2035,MENA,UCO,0.2688,350,mock_3pct_growth
2035,MENA,tallow,0.2016,300,mock_3pct_growth
2035,MENA,agricultural_residue,0.4032,200,mock_3pct_growth
2035,MENA,MSW,0.2688,150,mock_3pct_growth
2035,MENA,CO2_green_H2,336.0,800,mock_3pct_growth
2035,MENA,other,0.1344,250,mock_3pct_growth
2036,MENA,UCO,0.2768,350,mock_3pct_growth
2036,MENA,tallow,0.2076,300,mock_3pct_growth
2036,MENA,agricultural_residue,0.4153,200,mock_3pct_growth
2036,MENA,MSW,0.2768,150,mock_3pct_growth
2036,MENA,CO2_green_H2,346.05,800,mock_3pct_growth
2036,MENA,other,0.1384,250,mock_3pct_growth
2037,MENA,UCO,0.2852,350,mock_3pct_growth
2037,MENA,tallow,0.2139,300,mock_3pct_growth
2037,MENA,agricultural_residue,0.4277,200,mock_3pct_growth
2037,MENA,MSW,0.2852,150,mock_3pct_growth
2037,MENA,CO2_green_H2,356.45000000000005,800,mock_3pct_growth
2037,MENA,other,0.1426,250,mock_3pct_growth
2038,MENA,UCO,0.2937,350,mock_3pct_growth
2038,MENA,tallow,0.2203,300,mock_3pct_growth
2038,MENA,agricultural_residue,0.4406,200,mock_3pct_growth
2038,MENA,MSW,0.2937,150,mock_3pct_growth
2038,MENA,CO2_green_H2,367.15000000000003,800,mock_3pct_growth
2038,MENA,other,0.1469,250,mock_3pct_growth
2039,MENA,UCO,0.3025,350,mock_3pct_growth
2039,MENA,tallow,0.2269,300,mock_3pct_growth
2039,MENA,agricultural_residue,0.4538,200,mock_3pct_growth
2039,MENA,MSW,0.3025,150,mock_3pct_growth
2039,MENA,CO2_green_H2,378.15,800,mock_3pct_growth
2039,MENA,other,0.1513,250,mock_3pct_growth
2040,MENA,UCO,0.3116,350,mock_3pct_growth
2040,MENA,tallow,0.2337,300,mock_3pct_growth
2040,MENA,agricultural_residue,0.4674,200,mock_3pct_growth
2040,MENA,MSW,0.3116,150,mock_3pct_growth
2040,MENA,CO2_green_H2,389.5,800,mock_3pct_growth
2040,MENA,other,0.1558,250,mock_3pct_growth
2041,MENA,UCO,0.3209,350,mock_3pct_growth
2041,MENA,tallow,0.2407,300,mock_3pct_growth
2041,MENA,agricultural_residue,0.4814,200,mock_3pct_growth
2041,MENA,MSW,0.3209,150,mock_3pct_growth
2041,MENA,CO2_green_H2,401.2,800,mock_3pct_growth
2041,MENA,other,0.1605,250,mock_3pct_growth
2042,MENA,UCO,0.3306,350,mock_3pct_growth
2042,MENA,tallow,0.2479,300,mock_3pct_growth
2042,MENA,agricultural_residue,0.4959,200,mock_3pct_growth
2042,MENA,MSW,0.3306,150,mock_3pct_growth
2042,MENA,CO2_green_H2,413.2,800,mock_3pct_growth
2042,MENA,other,0.1653,250,mock_3pct_growth
2043,MENA,UCO,0.3405,350,mock_3pct_growth
2043,MENA,tallow,0.2554,300,mock_3pct_growth
2043,MENA,agricultural_residue,0.5107,200,mock_3pct_growth
2043,MENA,MSW,0.3405,150,mock_3pct_growth
2043,MENA,CO2_green_H2,425.6,800,mock_3pct_growth
2043,MENA,other,0.1702,250,mock_3pct_growth
2044,MENA,UCO,0.3507,350,mock_3pct_growth
2044,MENA,tallow,0.263,300,mock_3pct_growth
2044,MENA,agricultural_residue,0.5261,200,mock_3pct_growth
2044,MENA,MSW,0.3507,150,mock_3pct_growth
2044,MENA,CO2_green_H2,438.40000000000003,800,mock_3pct_growth
2044,MENA,other,0.1754,250,mock_3pct_growth
2045,MENA,UCO,0.3612,350,mock_3pct_growth
2045,MENA,tallow,0.2709,300,mock_3pct_growth
2045,MENA,agricultural_residue,0.5418,200,mock_3pct_growth
2045,MENA,MSW,0.3612,150,mock_3pct_growth
2045,MENA,CO2_green_H2,451.55,800,mock_3pct_growth
2045,MENA,other,0.1806,250,mock_3pct_growth
2025,LATAM,UCO,0.3,350,mock_3pct_growth
2025,LATAM,tallow,0.2,300,mock_3pct_growth
2025,LATAM,agricultural_residue,5.0,200,mock_3pct_growth
2025,LATAM,MSW,0.8,150,mock_3pct_growth
2025,LATAM,CO2_green_H2,25.0,800,mock_3pct_growth
2025,LATAM,other,0.6,250,mock_3pct_growth
2026,LATAM,UCO,0.309,350,mock_3pct_growth
2026,LATAM,tallow,0.206,300,mock_3pct_growth
2026,LATAM,agricultural_residue,5.15,200,mock_3pct_growth
2026,LATAM,MSW,0.824,150,mock_3pct_growth
2026,LATAM,CO2_green_H2,25.750000000000004,800,mock_3pct_growth
2026,LATAM,other,0.618,250,mock_3pct_growth
2027,LATAM,UCO,0.3183,350,mock_3pct_growth
2027,LATAM,tallow,0.2122,300,mock_3pct_growth
2027,LATAM,agricultural_residue,5.3045,200,mock_3pct_growth
2027,LATAM,MSW,0.8487,150,mock_3pct_growth
2027,LATAM,CO2_green_H2,26.5,800,mock_3pct_growth
2027,LATAM,other,0.6365,250,mock_3pct_growth
2028,LATAM,UCO,0.3278,350,mock_3pct_growth
2028,LATAM,tallow,0.2185,300,mock_3pct_growth
2028,LATAM,agricultural_residue,5.4636,200,mock_3pct_growth
2028,LATAM,MSW,0.8742,150,mock_3pct_growth
2028,LATAM,CO2_green_H2,27.3,800,mock_3pct_growth
2028,LATAM,other,0.6556,250,mock_3pct_growth
2029,LATAM,UCO,0.3377,350,mock_3pct_growth
2029,LATAM,tallow,0.2251,300,mock_3pct_growth
2029,LATAM,agricultural_residue,5.6275,200,mock_3pct_growth
2029,LATAM,MSW,0.9004,150,mock_3pct_growth
2029,LATAM,CO2_green_H2,28.15,800,mock_3pct_growth
2029,LATAM,other,0.6753,250,mock_3pct_growth
2030,LATAM,UCO,0.3478,350,mock_3pct_growth
2030,LATAM,tallow,0.2319,300,mock_3pct_growth
2030,LATAM,agricultural_residue,5.7964,200,mock_3pct_growth
2030,LATAM,MSW,0.9274,150,mock_3pct_growth
2030,LATAM,CO2_green_H2,29.000000000000004,800,mock_3pct_growth
2030,LATAM,other,0.6956,250,mock_3pct_growth
2031,LATAM,UCO,0.3582,350,mock_3pct_growth
2031,LATAM,tallow,0.2388,300,mock_3pct_growth
2031,LATAM,agricultural_residue,5.9703,200,mock_3pct_growth
2031,LATAM,MSW,0.9552,150,mock_3pct_growth
2031,LATAM,CO2_green_H2,29.85,800,mock_3pct_growth
2031,LATAM,other,0.7164,250,mock_3pct_growth
2032,LATAM,UCO,0.369,350,mock_3pct_growth
2032,LATAM,tallow,0.246,300,mock_3pct_growth
2032,LATAM,agricultural_residue,6.1494,200,mock_3pct_growth
2032,LATAM,MSW,0.9839,150,mock_3pct_growth
2032,LATAM,CO2_green_H2,30.750000000000004,800,mock_3pct_growth
2032,LATAM,other,0.7379,250,mock_3pct_growth
2033,LATAM,UCO,0.38,350,mock_3pct_growth
2033,LATAM,tallow,0.2534,300,mock_3pct_growth
2033,LATAM,agricultural_residue,6.3339,200,mock_3pct_growth
2033,LATAM,MSW,1.0134,150,mock_3pct_growth
2033,LATAM,CO2_green_H2,31.65,800,mock_3pct_growth
2033,LATAM,other,0.7601,250,mock_3pct_growth
2034,LATAM,UCO,0.3914,350,mock_3pct_growth
2034,LATAM,tallow,0.261,300,mock_3pct_growth
2034,LATAM,agricultural_residue,6.5239,200,mock_3pct_growth
2034,LATAM,MSW,1.0438,150,mock_3pct_growth
2034,LATAM,CO2_green_H2,32.599999999999994,800,mock_3pct_growth
2034,LATAM,other,0.7829,250,mock_3pct_growth
2035,LATAM,UCO,0.4032,350,mock_3pct_growth
2035,LATAM,tallow,0.2688,300,mock_3pct_growth
2035,LATAM,agricultural_residue,6.7196,200,mock_3pct_growth
2035,LATAM,MSW,1.0751,150,mock_3pct_growth
2035,LATAM,CO2_green_H2,33.6,800,mock_3pct_growth
2035,LATAM,other,0.8063,250,mock_3pct_growth
2036,LATAM,UCO,0.4153,350,mock_3pct_growth
2036,LATAM,tallow,0.2768,300,mock_3pct_growth
2036,LATAM,agricultural_residue,6.9212,200,mock_3pct_growth
2036,LATAM,MSW,1.1074,150,mock_3pct_growth
2036,LATAM,CO2_green_H2,34.6,800,mock_3pct_growth
2036,LATAM,other,0.8305,250,mock_3pct_growth
2037,LATAM,UCO,0.4277,350,mock_3pct_growth
2037,LATAM,tallow,0.2852,300,mock_3pct_growth
2037,LATAM,agricultural_residue,7.1288,200,mock_3pct_growth
2037,LATAM,MSW,1.1406,150,mock_3pct_growth
2037,LATAM,CO2_green_H2,35.65,800,mock_3pct_growth
2037,LATAM,other,0.8555,250,mock_3pct_growth
2038,LATAM,UCO,0.4406,350,mock_3pct_growth
2038,LATAM,tallow,0.2937,300,mock_3pct_growth
2038,LATAM,agricultural_residue,7.3427,200,mock_3pct_growth
2038,LATAM,MSW,1.1748,150,mock_3pct_growth
2038,LATAM,CO2_green_H2,36.699999999999996,800,mock_3pct_growth
2038,LATAM,other,0.8811,250,mock_3pct_growth
2039,LATAM,UCO,0.4538,350,mock_3pct_growth
2039,LATAM,tallow,0.3025,300,mock_3pct_growth
2039,LATAM,agricultural_residue,7.5629,200,mock_3pct_growth
2039,LATAM,MSW,1.2101,150,mock_3pct_growth
2039,LATAM,CO2_green_H2,37.8,800,mock_3pct_growth
2039,LATAM,other,0.9076,250,mock_3pct_growth
2040,LATAM,UCO,0.4674,350,mock_3pct_growth
2040,LATAM,tallow,0.3116,300,mock_3pct_growth
2040,LATAM,agricultural_residue,7.7898,200,mock_3pct_growth
2040,LATAM,MSW,1.2464,150,mock_3pct_growth
2040,LATAM,CO2_green_H2,38.949999999999996,800,mock_3pct_growth
2040,LATAM,other,0.9348,250,mock_3pct_growth
2041,LATAM,UCO,0.4814,350,mock_3pct_growth
2041,LATAM,tallow,0.3209,300,mock_3pct_growth
2041,LATAM,agricultural_residue,8.0235,200,mock_3pct_growth
2041,LATAM,MSW,1.2838,150,mock_3pct_growth
2041,LATAM,CO2_green_H2,40.099999999999994,800,mock_3pct_growth
2041,LATAM,other,0.9628,250,mock_3pct_growth
2042,LATAM,UCO,0.4959,350,mock_3pct_growth
2042,LATAM,tallow,0.3306,300,mock_3pct_growth
2042,LATAM,agricultural_residue,8.2642,200,mock_3pct_growth
2042,LATAM,MSW,1.3223,150,mock_3pct_growth
2042,LATAM,CO2_green_H2,41.30000000000001,800,mock_3pct_growth
2042,LATAM,other,0.9917,250,mock_3pct_growth
2043,LATAM,UCO,0.5107,350,mock_3pct_growth
2043,LATAM,tallow,0.3405,300,mock_3pct_growth
2043,LATAM,agricultural_residue,8.5122,200,mock_3pct_growth
2043,LATAM,MSW,1.3619,150,mock_3pct_growth
2043,LATAM,CO2_green_H2,42.55,800,mock_3pct_growth
2043,LATAM,other,1.0215,250,mock_3pct_growth
2044,LATAM,UCO,0.5261,350,mock_3pct_growth
2044,LATAM,tallow,0.3507,300,mock_3pct_growth
2044,LATAM,agricultural_residue,8.7675,200,mock_3pct_growth
2044,LATAM,MSW,1.4028,150,mock_3pct_growth
2044,LATAM,CO2_green_H2,43.85,800,mock_3pct_growth
2044,LATAM,other,1.0521,250,mock_3pct_growth
2045,LATAM,UCO,0.5418,350,mock_3pct_growth
2045,LATAM,tallow,0.3612,300,mock_3pct_growth
2045,LATAM,agricultural_residue,9.0306,200,mock_3pct_growth
2045,LATAM,MSW,1.4449,150,mock_3pct_growth
2045,LATAM,CO2_green_H2,45.150000000000006,800,mock_3pct_growth
2045,LATAM,other,1.0837,250,mock_3pct_growth
2025,ROW,UCO,0.4,350,mock_3pct_growth
2025,ROW,tallow,0.25,300,mock_3pct_growth
2025,ROW,agricultural_residue,2.5,200,mock_3pct_growth
2025,ROW,MSW,1.0,150,mock_3pct_growth
2025,ROW,CO2_green_H2,20.0,800,mock_3pct_growth
2025,ROW,other,0.35,250,mock_3pct_growth
2026,ROW,UCO,0.412,350,mock_3pct_growth
2026,ROW,tallow,0.2575,300,mock_3pct_growth
2026,ROW,agricultural_residue,2.575,200,mock_3pct_growth
2026,ROW,MSW,1.03,150,mock_3pct_growth
2026,ROW,CO2_green_H2,20.6,800,mock_3pct_growth
2026,ROW,other,0.3605,250,mock_3pct_growth
2027,ROW,UCO,0.4244,350,mock_3pct_growth
2027,ROW,tallow,0.2652,300,mock_3pct_growth
2027,ROW,agricultural_residue,2.6522,200,mock_3pct_growth
2027,ROW,MSW,1.0609,150,mock_3pct_growth
2027,ROW,CO2_green_H2,21.2,800,mock_3pct_growth
2027,ROW,other,0.3713,250,mock_3pct_growth
2028,ROW,UCO,0.4371,350,mock_3pct_growth
2028,ROW,tallow,0.2732,300,mock_3pct_growth
2028,ROW,agricultural_residue,2.7318,200,mock_3pct_growth
2028,ROW,MSW,1.0927,150,mock_3pct_growth
2028,ROW,CO2_green_H2,21.85,800,mock_3pct_growth
2028,ROW,other,0.3825,250,mock_3pct_growth
2029,ROW,UCO,0.4502,350,mock_3pct_growth
2029,ROW,tallow,0.2814,300,mock_3pct_growth
2029,ROW,agricultural_residue,2.8138,200,mock_3pct_growth
2029,ROW,MSW,1.1255,150,mock_3pct_growth
2029,ROW,CO2_green_H2,22.5,800,mock_3pct_growth
2029,ROW,other,0.3939,250,mock_3pct_growth
2030,ROW,UCO,0.4637,350,mock_3pct_growth
2030,ROW,tallow,0.2898,300,mock_3pct_growth
2030,ROW,agricultural_residue,2.8982,200,mock_3pct_growth
2030,ROW,MSW,1.1593,150,mock_3pct_growth
2030,ROW,CO2_green_H2,23.2,800,mock_3pct_growth
2030,ROW,other,0.4057,250,mock_3pct_growth
2031,ROW,UCO,0.4776,350,mock_3pct_growth
2031,ROW,tallow,0.2985,300,mock_3pct_growth
2031,ROW,agricultural_residue,2.9851,200,mock_3pct_growth
2031,ROW,MSW,1.1941,150,mock_3pct_growth
2031,ROW,CO2_green_H2,23.900000000000002,800,mock_3pct_growth
2031,ROW,other,0.4179,250,mock_3pct_growth
2032,ROW,UCO,0.4919,350,mock_3pct_growth
2032,ROW,tallow,0.3075,300,mock_3pct_growth
2032,ROW,agricultural_residue,3.0747,200,mock_3pct_growth
2032,ROW,MSW,1.2299,150,mock_3pct_growth
2032,ROW,CO2_green_H2,24.6,800,mock_3pct_growth
2032,ROW,other,0.4305,250,mock_3pct_growth
2033,ROW,UCO,0.5067,350,mock_3pct_growth
2033,ROW,tallow,0.3167,300,mock_3pct_growth
2033,ROW,agricultural_residue,3.1669,200,mock_3pct_growth
2033,ROW,MSW,1.2668,150,mock_3pct_growth
2033,ROW,CO2_green_H2,25.35,800,mock_3pct_growth
2033,ROW,other,0.4434,250,mock_3pct_growth
2034,ROW,UCO,0.5219,350,mock_3pct_growth
2034,ROW,tallow,0.3262,300,mock_3pct_growth
2034,ROW,agricultural_residue,3.2619,200,mock_3pct_growth
2034,ROW,MSW,1.3048,150,mock_3pct_growth
2034,ROW,CO2_green_H2,26.1,800,mock_3pct_growth
2034,ROW,other,0.4567,250,mock_3pct_growth
2035,ROW,UCO,0.5376,350,mock_3pct_growth
2035,ROW,tallow,0.336,300,mock_3pct_growth
2035,ROW,agricultural_residue,3.3598,200,mock_3pct_growth
2035,ROW,MSW,1.3439,150,mock_3pct_growth
2035,ROW,CO2_green_H2,26.9,800,mock_3pct_growth
2035,ROW,other,0.4704,250,mock_3pct_growth
2036,ROW,UCO,0.5537,350,mock_3pct_growth
2036,ROW,tallow,0.3461,300,mock_3pct_growth
2036,ROW,agricultural_residue,3.4606,200,mock_3pct_growth
2036,ROW,MSW,1.3842,150,mock_3pct_growth
2036,ROW,CO2_green_H2,27.7,800,mock_3pct_growth
2036,ROW,other,0.4845,250,mock_3pct_growth
2037,ROW,UCO,0.5703,350,mock_3pct_growth
2037,ROW,tallow,0.3564,300,mock_3pct_growth
2037,ROW,agricultural_residue,3.5644,200,mock_3pct_growth
2037,ROW,MSW,1.4258,150,mock_3pct_growth
2037,ROW,CO2_green_H2,28.5,800,mock_3pct_growth
2037,ROW,other,0.499,250,mock_3pct_growth
2038,ROW,UCO,0.5874,350,mock_3pct_growth
2038,ROW,tallow,0.3671,300,mock_3pct_growth
2038,ROW,agricultural_residue,3.6713,200,mock_3pct_growth
2038,ROW,MSW,1.4685,150,mock_3pct_growth
2038,ROW,CO2_green_H2,29.35,800,mock_3pct_growth
2038,ROW,other,0.514,250,mock_3pct_growth
2039,ROW,UCO,0.605,350,mock_3pct_growth
2039,ROW,tallow,0.3781,300,mock_3pct_growth
2039,ROW,agricultural_residue,3.7815,200,mock_3pct_growth
2039,ROW,MSW,1.5126,150,mock_3pct_growth
2039,ROW,CO2_green_H2,30.25,800,mock_3pct_growth
2039,ROW,other,0.5294,250,mock_3pct_growth
2040,ROW,UCO,0.6232,350,mock_3pct_growth
2040,ROW,tallow,0.3895,300,mock_3pct_growth
2040,ROW,agricultural_residue,3.8949,200,mock_3pct_growth
2040,ROW,MSW,1.558,150,mock_3pct_growth
2040,ROW,CO2_green_H2,31.150000000000002,800,mock_3pct_growth
2040,ROW,other,0.5453,250,mock_3pct_growth
2041,ROW,UCO,0.6419,350,mock_3pct_growth
2041,ROW,tallow,0.4012,300,mock_3pct_growth
2041,ROW,agricultural_residue,4.0118,200,mock_3pct_growth
2041,ROW,MSW,1.6047,150,mock_3pct_growth
2041,ROW,CO2_green_H2,32.099999999999994,800,mock_3pct_growth
2041,ROW,other,0.5616,250,mock_3pct_growth
2042,ROW,UCO,0.6611,350,mock_3pct_growth
2042,ROW,tallow,0.4132,300,mock_3pct_growth
2042,ROW,agricultural_residue,4.1321,200,mock_3pct_growth
2042,ROW,MSW,1.6528,150,mock_3pct_growth
2042,ROW,CO2_green_H2,33.050000000000004,800,mock_3pct_growth
2042,ROW,other,0.5785,250,mock_3pct_growth
2043,ROW,UCO,0.681,350,mock_3pct_growth
2043,ROW,tallow,0.4256,300,mock_3pct_growth
2043,ROW,agricultural_residue,4.2561,200,mock_3pct_growth
2043,ROW,MSW,1.7024,150,mock_3pct_growth
2043,ROW,CO2_green_H2,34.05,800,mock_3pct_growth
2043,ROW,other,0.5959,250,mock_3pct_growth
2044,ROW,UCO,0.7014,350,mock_3pct_growth
2044,ROW,tallow,0.4384,300,mock_3pct_growth
2044,ROW,agricultural_residue,4.3838,200,mock_3pct_growth
2044,ROW,MSW,1.7535,150,mock_3pct_growth
2044,ROW,CO2_green_H2,35.05,800,mock_3pct_growth
2044,ROW,other,0.6137,250,mock_3pct_growth
2045,ROW,UCO,0.7224,350,mock_3pct_growth
2045,ROW,tallow,0.4515,300,mock_3pct_growth
2045,ROW,agricultural_residue,4.5153,200,mock_3pct_growth
2045,ROW,MSW,1.8061,150,mock_3pct_growth
2045,ROW,CO2_green_H2,36.1,800,mock_3pct_growth
2045,ROW,other,0.6321,250,mock_3pct_growth
